<?xml version="1.0" encoding="UTF-8"?>
<build-type xmlns:xsi="http://www.w3.org/2001/XMLSchema-instance" uuid="8d1ab5ea-76d8-4094-b868-5e78d21a79d6" xsi:noNamespaceSchemaLocation="https://www.jetbrains.com/teamcity/schemas/2018.1/project-config.xsd">
  <name>Compile .NET</name>
  <description />
  <settings>
    <parameters />
    <build-runners>
      <runner id="RUNNER_7" name="" type="dotnet.cli">
        <parameters>
          <param name="command" value="build" />
          <param name="paths" value="src/MyConsoleApplication.sln" />
          <param name="teamcity.step.mode" value="default" />
        </parameters>
      </runner>
      <runner id="RUNNER_8" name="" type="dotnet.cli">
        <parameters>
          <param name="command" value="vstest" />
          <param name="dotNetCoverage.dotCover.home.path" value="%teamcity.tool.JetBrains.dotCover.CommandLineTools.DEFAULT%" />
          <param name="paths" value="src/MyConsoleApplication.Tests/MyConsoleApplication.Tests.csproj" />
          <param name="teamcity.step.mode" value="default" />
        </parameters>
      </runner>
    </build-runners>
    <vcs-settings>
      <vcs-entry-ref root-id="TurboPotato_HttpsGithubComFfMathyTurboPotatoTeamCityGitRefsHeadsMaster" />
    </vcs-settings>
    <requirements />
    <build-triggers>
      <build-trigger id="vcsTrigger" type="vcsTrigger">
        <parameters>
          <param name="enableQueueOptimization" value="true" />
          <param name="quietPeriodMode" value="DO_NOT_USE" />
          <param name="triggerRules"><![CDATA[+:feature/*
+:master]]></param>
        </parameters>
      </build-trigger>
    </build-triggers>
    <cleanup />
  </settings>
</build-type>

