<?xml version="1.0" encoding="UTF-8"?>
<build-type xmlns:xsi="http://www.w3.org/2001/XMLSchema-instance" uuid="37b61b0e-4014-4631-a236-f2b56f17e901" xsi:noNamespaceSchemaLocation="https://www.jetbrains.com/teamcity/schemas/2018.1/project-config.xsd">
  <name>Minify JavaScript</name>
  <description />
  <settings>
    <options>
      <option name="artifactRules" value="src/MyWebApplication/wwwroot/**" />
    </options>
    <parameters />
    <build-runners>
      <runner id="RUNNER_3" name="" type="simpleRunner">
        <parameters>
          <param name="script.content" value="echo &quot;Let's say we run some Gulp here to minify our JavaScript.&quot;" />
          <param name="teamcity.step.mode" value="default" />
          <param name="use.custom.script" value="true" />
        </parameters>
      </runner>
    </build-runners>
    <vcs-settings>
      <vcs-entry-ref root-id="MyProject_TurboPotatoTeamCity" />
    </vcs-settings>
    <requirements />
    <build-triggers />
    <dependencies>
      <depend-on sourceBuildTypeId="TurboPotatoTeamCity_Checkout">
        <options>
          <option name="take-started-build-with-same-revisions" value="true" />
          <option name="take-successful-builds-only" value="true" />
        </options>
      </depend-on>
    </dependencies>
    <cleanup />
  </settings>
</build-type>

