<?xml version="1.0" encoding="UTF-8"?>
<build-type xmlns:xsi="http://www.w3.org/2001/XMLSchema-instance" uuid="2b168ae7-b258-4651-9f03-3829a3ed8453" xsi:noNamespaceSchemaLocation="https://www.jetbrains.com/teamcity/schemas/2018.1/project-config.xsd">
  <name>Deploy everything</name>
  <description />
  <settings>
    <options>
      <option name="allowPersonalBuildTriggering" value="false" />
      <option name="buildConfigurationType" value="DEPLOYMENT" />
      <option name="maximumNumberOfBuilds" value="1" />
    </options>
    <parameters />
    <build-runners />
    <vcs-settings>
      <vcs-entry-ref root-id="MyProject_TurboPotatoTeamCity" />
    </vcs-settings>
    <requirements />
    <build-triggers />
    <dependencies>
      <depend-on sourceBuildTypeId="TurboPotatoTeamCity_DeployConsoleApplication">
        <options>
          <option name="take-started-build-with-same-revisions" value="true" />
          <option name="take-successful-builds-only" value="true" />
        </options>
      </depend-on>
      <depend-on sourceBuildTypeId="TurboPotatoTeamCity_DeployWebsite">
        <options>
          <option name="take-started-build-with-same-revisions" value="true" />
          <option name="take-successful-builds-only" value="true" />
        </options>
      </depend-on>
    </dependencies>
    <cleanup />
  </settings>
</build-type>

