<?xml version="1.0" encoding="UTF-8"?>
<build-type xmlns:xsi="http://www.w3.org/2001/XMLSchema-instance" uuid="f43205ef-738f-4d2a-8a9f-78b05a73c51f" xsi:noNamespaceSchemaLocation="https://www.jetbrains.com/teamcity/schemas/2018.1/project-config.xsd">
  <name>Deploy console application</name>
  <description />
  <settings>
    <options>
      <option name="allowPersonalBuildTriggering" value="false" />
      <option name="buildConfigurationType" value="DEPLOYMENT" />
      <option name="maximumNumberOfBuilds" value="1" />
    </options>
    <parameters />
    <build-runners>
      <runner id="RUNNER_5" name="" type="simpleRunner">
        <parameters>
          <param name="script.content" value="echo &quot;Deploying command line application!&quot;" />
          <param name="teamcity.step.mode" value="default" />
          <param name="use.custom.script" value="true" />
        </parameters>
      </runner>
    </build-runners>
    <vcs-settings>
      <vcs-entry-ref root-id="MyProject_TurboPotatoTeamCity" />
    </vcs-settings>
    <requirements />
    <build-triggers />
    <dependencies>
      <depend-on sourceBuildTypeId="MyProject_CompileNet">
        <options>
          <option name="take-started-build-with-same-revisions" value="true" />
          <option name="take-successful-builds-only" value="true" />
        </options>
      </depend-on>
      <depend-on sourceBuildTypeId="TurboPotatoTeamCity_RunNetIntegrationTests">
        <options>
          <option name="take-started-build-with-same-revisions" value="true" />
          <option name="take-successful-builds-only" value="true" />
        </options>
      </depend-on>
      <depend-on sourceBuildTypeId="TurboPotatoTeamCity_RunNetUiTests">
        <options>
          <option name="take-started-build-with-same-revisions" value="true" />
          <option name="take-successful-builds-only" value="true" />
        </options>
      </depend-on>
      <depend-on sourceBuildTypeId="TurboPotatoTeamCity_RunNetUnitTests">
        <options>
          <option name="take-started-build-with-same-revisions" value="true" />
          <option name="take-successful-builds-only" value="true" />
        </options>
      </depend-on>
    </dependencies>
    <cleanup />
  </settings>
</build-type>

