<?xml version="1.0" encoding="UTF-8"?>
<build-type xmlns:xsi="http://www.w3.org/2001/XMLSchema-instance" uuid="1498d1eb-e941-47c7-9a9d-9ab258277fcd" xsi:noNamespaceSchemaLocation="https://www.jetbrains.com/teamcity/schemas/2018.1/project-config.xsd">
  <name>Deploy website</name>
  <description />
  <settings>
    <options>
      <option name="allowPersonalBuildTriggering" value="false" />
      <option name="buildConfigurationType" value="DEPLOYMENT" />
      <option name="maximumNumberOfBuilds" value="1" />
    </options>
    <parameters />
    <build-runners>
      <runner id="RUNNER_4" name="" type="simpleRunner">
        <parameters>
          <param name="script.content" value="echo &quot;Deploying website!&quot;" />
          <param name="teamcity.step.mode" value="default" />
          <param name="use.custom.script" value="true" />
        </parameters>
      </runner>
    </build-runners>
    <vcs-settings>
      <vcs-entry-ref root-id="MyProject_TurboPotatoTeamCity" />
    </vcs-settings>
    <requirements />
    <build-triggers />
    <artifact-dependencies>
      <dependency id="ARTIFACT_DEPENDENCY_2" sourceBuildTypeId="MyProject_CompileNet" cleanDestination="true">
        <revisionRule name="sameChainOrLastFinished" revision="latest.sameChainOrLastFinished" />
        <artifact sourcePath="binaries.zip!**=&gt;bin" />
      </dependency>
      <dependency id="ARTIFACT_DEPENDENCY_3" sourceBuildTypeId="TurboPotatoTeamCity_MinifyJavaScript" cleanDestination="true">
        <revisionRule name="sameChainOrLastFinished" revision="latest.sameChainOrLastFinished" />
        <artifact sourcePath="wwwroot/**=&gt;" />
      </dependency>
    </artifact-dependencies>
    <dependencies>
      <depend-on sourceBuildTypeId="MyProject_CompileNet">
        <options>
          <option name="take-started-build-with-same-revisions" value="true" />
          <option name="take-successful-builds-only" value="true" />
        </options>
      </depend-on>
      <depend-on sourceBuildTypeId="TurboPotatoTeamCity_MinifyJavaScript">
        <options>
          <option name="take-started-build-with-same-revisions" value="true" />
          <option name="take-successful-builds-only" value="true" />
        </options>
      </depend-on>
    </dependencies>
    <cleanup />
  </settings>
</build-type>

